method,alpha_precision,authenticity,beta_recall
arf,0.961862258327179,0.4968698517298188,0.48653706754530485
ctgan,0.8817283417599272,0.5957825370675452,0.4010060406370126
privbayes,0.6730323997803405,0.6139044481054365,0.2937638660076881
synthpop,0.9915911302997594,0.47196046128500824,0.5392158154859967
tabsyn,0.978564714347933,0.503657331136738,0.4824514003294894
tvae,0.964529682440493,0.5228336079077429,0.47279956068094464
