dataset_index,synthpop_alpha_precision,synthpop_beta_recall,synthpop_authenticity,arf_alpha_precision,arf_beta_recall,arf_authenticity,privbayes_alpha_precision,privbayes_beta_recall,privbayes_authenticity,ctgan_alpha_precision,ctgan_beta_recall,ctgan_authenticity,tvae_alpha_precision,tvae_beta_recall,tvae_authenticity,tabsyn_alpha_precision,tabsyn_beta_recall,tabsyn_authenticity
1,0.9873476112026359,0.5822075782537067,0.4408566721581549,0.9682069344240565,0.5008896210873147,0.4932454695222405,0.6674135090609555,0.32518396485447565,0.6319604612850083,0.9525883845556629,0.45100494233937405,0.5789126853377266,0.9821507697551554,0.4858209774848984,0.5222405271828665,0.9871680963472136,0.492300933552993,0.5024711696869851
2,0.9818084038705523,0.5923997803404724,0.44217462932454693,0.9708276998238937,0.5018561230093355,0.485667215815486,0.6676990664470072,0.32628226249313563,0.6217462932454695,0.9535859417902252,0.44393190554640316,0.5802306425041186,0.9843685735386014,0.4944755628775398,0.5103789126853377,0.9803336552481584,0.48733662822624935,0.49028006589785833
3,0.9840405991402981,0.5838769906644701,0.4270181219110379,0.9578541536480524,0.4954200988467875,0.49654036243822075,0.6598572213069742,0.31507962657880273,0.6260296540362438,0.9686242875267473,0.4477979132344865,0.5594728171334432,0.9540457119051676,0.48777594728171325,0.5014827018121911,0.9796920979378515,0.48085667215815486,0.5090609555189456
4,0.9865886496619894,0.5874135090609556,0.42800658978583195,0.9532784184514004,0.50277869302581,0.49719934102141683,0.6825480505216914,0.31967051070840213,0.6088962108731466,0.9528171334431631,0.45089511257550796,0.5907742998352553,0.9742339373970346,0.4970675453047776,0.5107084019769358,0.9771538942225757,0.5115211422295443,0.49357495881383856
5,0.9914575167111667,0.6010543657331137,0.44349258649093903,0.9448654585392642,0.4805930807248765,0.5126853377265239,0.6725755079626579,0.31079626578802855,0.6164744645799012,0.9610581529663504,0.4452498627127952,0.5841845140032949,0.978343085458918,0.4936188907193849,0.4939044481054366,0.9774621750080479,0.5011751784733663,0.5064250411861615
