"Methode","m = 5"
"synthpop",0.676596005142896
"arf",0.92
"privbayes",0.516666666666667
"ctgan",0.333333333333333
"tvae",0.45952380952381
"tabsyn",NA
