method,ims_score,dcr_score
arf,0.0,0.12988168338860015
ctgan,0.0,0.11261103837126436
privbayes,0.0,0.11290634668131347
synthpop,0.001907356948202897,0.11499580563866049
tabsyn,0.0,0.14965395494936534
tvae,0.0,0.05265658014577952
