"Method","M","AlphaPrecision","BetaRecall","Authenticity"
"synthpop",5,0.903102453102453,0.896248196248196,0.928571428571429
"arf",5,0.907575757575758,0.892352092352092,1
"privbayes",5,0.924242424242424,0.868542568542569,0.9998556998557
"ctgan",5,0.886580086580087,0.917748917748918,1
"tvae",5,0.918109668109668,0.833621933621934,1
"tabsyn",5,0.895887445887446,0.903318903318903,1
