method,alpha_precision,authenticity,beta_recall
arf,0.9147401898179451,0.5241830065359477,0.4272185911401598
ctgan,0.8672065710064357,0.547276688453159,0.44358750907770517
privbayes,0.6631953522149601,0.6470588235294118,0.2386492374727669
synthpop,0.9737981118373276,0.48888888888888893,0.495918663761801
tabsyn,0.9625763153281748,0.4969498910675381,0.5145098039215686
tvae,0.9718403325570331,0.49106753812636167,0.48854030501089324
