"Method","M","AlphaPrecision","BetaRecall","Authenticity"
"synthpop",5,0.89281045751634,0.903485838779956,0.992592592592593
"arf",5,0.966884531590414,0.794117647058823,1
"privbayes",5,0.935511982570806,0.791067538126362,1
"ctgan",5,0.983877995642702,0.802614379084967,1
"tvae",5,0.98082788671024,0.793246187363834,1
"tabsyn",5,0.898910675381264,0.893028322440087,1
