"Methode","m = 5"
"synthpop",0.94503031916161
"arf",0.497973631614012
"privbayes",NA
"ctgan",0.923076923076923
"tvae",NA
"tabsyn",0.883649356417119
