method,alpha_precision,authenticity,beta_recall
arf,0.9607234910683188,0.7829725829725829,0.22142376142376144
ctgan,0.9420543696405765,0.8134199134199134,0.19653679653679654
privbayes,0.7250937950937951,0.8365079365079365,0.1544348244348244
synthpop,0.9854616775306431,0.6978354978354979,0.31846079846079844
tabsyn,0.980636579257269,0.7732323232323233,0.2353727753727754
tvae,0.8947907647907648,0.8308802308802308,0.16622414622414625
