"Method","M","AlphaPrecision","BetaRecall","Authenticity"
"synthpop",5,0.901416803953871,0.897265238879736,0.996968698517298
"arf",5,0.898056013179572,0.901548599670511,1
"privbayes",5,0.560790774299835,0.975617792421746,0.998484349258649
"ctgan",5,0.951499176276771,0.836441515650741,1
"tvae",5,0.959670510708402,0.829719934102142,1
"tabsyn",5,0.898517298187809,0.899769357495881,1
